budget_label,target_rollout_flops,dt_scale,model_dt_hours,embed_dim,depth,num_heads,aspect_ratio,num_parameters,rollout_steps,max_iterations,epochs,forward_flops,rollout_budget,flop_rel_err,total_train_flops,expected_total_train_flops,train_flop_rel_err,run_tag,yaml_file
3T,3000000000000.0,1.0,1.0,160,2,5,80.0,997440,24,18038,0.8664409059250187,144142416000.0,3459417984000.0,0.153139328,2.995247116578816e+18,2.9952e+18,1.5730695384519322e-05,3T_dt1p0_e160_d2,scripts_3T_aspect60_100_rollout_flops/swin_dt_scale_1p0.yaml
3T,3000000000000.0,2.0,2.0,192,3,6,64.0,1787520,12,20120,0.9664481110550712,258448579200.00003,3101382950400.0005,0.03379431680000016,2.9951915981783045e+18,2.9952e+18,-2.8050953844172e-06,3T_dt2p0_e192_d3,scripts_3T_aspect60_100_rollout_flops/swin_dt_scale_2p0.yaml
3T,3000000000000.0,3.0,3.0,224,3,7,74.66666666666667,2343488,8,23286,1.1185243893652281,334966363200.0,2679730905600.0,-0.1067563648,2.995210265654477e+18,2.9952e+18,3.4273686153607485e-06,3T_dt3p0_e224_d3,scripts_3T_aspect60_100_rollout_flops/swin_dt_scale_3p0.yaml
3T,3000000000000.0,4.0,4.0,288,3,9,96.0,3676608,6,20129,0.9668804188582271,516667377600.00006,3100004265600.0005,0.03333475520000016,2.9951993213885957e+18,2.9952e+18,-2.2656630749295914e-07,3T_dt4p0_e288_d3,scripts_3T_aspect60_100_rollout_flops/swin_dt_scale_4p0.yaml
3T,3000000000000.0,6.0,6.0,320,4,10,80.0,5683840,4,19594,0.9411821216706295,796163903999.9999,3184655615999.9995,0.061551871999999834,2.9952068227153915e+18,2.9952e+18,2.277883076828857e-06,3T_dt6p0_e320_d4,scripts_3T_aspect60_100_rollout_flops/swin_dt_scale_6p0.yaml
3T,3000000000000.0,8.0,8.0,320,5,10,64.0,6913920,3,21433,1.0295170161154743,970477199999.9999,2911431599999.9995,-0.02952280000000016,2.9952342471743995e+18,2.9952e+18,1.143401923053844e-05,3T_dt8p0_e320_d5,scripts_3T_aspect60_100_rollout_flops/swin_dt_scale_8p0.yaml
3T,3000000000000.0,12.0,12.0,416,5,13,83.2,11384255,2,19845,0.9532387059586426,1572162695999.9995,3144325391999.9985,0.04810846399999951,2.995158595403519e+18,2.9952e+18,-1.3823650000355237e-05,3T_dt12p0_e416_d5,scripts_3T_aspect60_100_rollout_flops/swin_dt_scale_12p0.yaml
6T,6000000000000.0,1.0,1.0,192,3,6,64.0,1787520,24,20120,0.9664481110550712,258448579200.00003,6202765900800.001,0.03379431680000016,5.990383196356609e+18,5.9904e+18,-2.8050953844172e-06,6T_dt1p0_e192_d3,scripts_6T_aspect60_100_rollout_flops/swin_dt_scale_1p0.yaml
6T,6000000000000.0,2.0,2.0,288,3,9,96.0,3676608,12,20129,0.9668804188582271,516667377600.00006,6200008531200.001,0.03333475520000016,5.990398642777191e+18,5.9904e+18,-2.2656630749295914e-07,6T_dt2p0_e288_d3,scripts_6T_aspect60_100_rollout_flops/swin_dt_scale_2p0.yaml
6T,6000000000000.0,3.0,3.0,320,4,10,80.0,5683840,8,19594,0.9411821216706295,796163903999.9999,6369311231999.999,0.061551871999999834,5.990413645430783e+18,5.9904e+18,2.277883076828857e-06,6T_dt3p0_e320_d4,scripts_6T_aspect60_100_rollout_flops/swin_dt_scale_3p0.yaml
6T,6000000000000.0,4.0,4.0,320,5,10,64.0,6913920,6,21433,1.0295170161154743,970477199999.9999,5822863199999.999,-0.02952280000000016,5.990468494348799e+18,5.9904e+18,1.143401923053844e-05,6T_dt4p0_e320_d5,scripts_6T_aspect60_100_rollout_flops/swin_dt_scale_4p0.yaml
6T,6000000000000.0,6.0,6.0,416,5,13,83.2,11384255,4,19845,0.9532387059586426,1572162695999.9995,6288650783999.997,0.04810846399999951,5.990317190807038e+18,5.9904e+18,-1.3823650000355237e-05,6T_dt6p0_e416_d5,scripts_6T_aspect60_100_rollout_flops/swin_dt_scale_6p0.yaml
6T,6000000000000.0,8.0,8.0,480,5,15,96.0,14978880,3,20264,0.9733650359055648,2052912600000.0,6158737800000.0,0.0264563,5.9904318134016e+18,5.9904e+18,5.310730769148009e-06,6T_dt8p0_e480_d5,scripts_6T_aspect60_100_rollout_flops/swin_dt_scale_8p0.yaml
6T,6000000000000.0,12.0,12.0,544,6,17,90.66666666666667,22618432,2,20239,0.9721641808967986,3083206550400.0,6166413100800.0,0.0277355168,5.990497667860378e+18,5.9904e+18,1.6304063230832e-05,6T_dt12p0_e544_d6,scripts_6T_aspect60_100_rollout_flops/swin_dt_scale_12p0.yaml
9T,9000000000000.0,1.0,1.0,224,3,7,74.66666666666667,2343488,24,23286,1.1185243893652281,334966363200.0,8039192716800.0,-0.1067563648,8.98563079696343e+18,8.9856e+18,3.4273686153607485e-06,9T_dt1p0_e224_d3,scripts_9T_aspect60_100_rollout_flops/swin_dt_scale_1p0.yaml
9T,9000000000000.0,2.0,2.0,320,4,10,80.0,5683840,12,19594,0.9411821216706295,796163903999.9999,9553966847999.998,0.061551871999999785,8.985620468146174e+18,8.9856e+18,2.2778830766068126e-06,9T_dt2p0_e320_d4,scripts_9T_aspect60_100_rollout_flops/swin_dt_scale_2p0.yaml
9T,9000000000000.0,3.0,3.0,384,4,12,96.0,8000256,8,21114,1.014194106203617,1108279065600.0,8866232524800.0,-0.0148630528,8.985678409374106e+18,8.9856e+18,8.72611446145477e-06,9T_dt3p0_e384_d4,scripts_9T_aspect60_100_rollout_flops/swin_dt_scale_3p0.yaml
9T,9000000000000.0,4.0,4.0,416,5,13,83.2,11384255,6,19845,0.9532387059586426,1572162695999.9995,9432976175999.996,0.048108463999999566,8.985475786210556e+18,8.9856e+18,-1.3823650000466259e-05,9T_dt4p0_e416_d5,scripts_9T_aspect60_100_rollout_flops/swin_dt_scale_4p0.yaml
9T,9000000000000.0,6.0,6.0,448,6,14,74.66666666666667,15530368,4,21892,1.0515647140764224,2137795027200.0002,8551180108800.001,-0.04986887679999989,8.985716877208782e+18,8.9856e+18,1.3007168000012115e-05,9T_dt6p0_e448_d6,scripts_9T_aspect60_100_rollout_flops/swin_dt_scale_6p0.yaml
9T,9000000000000.0,8.0,8.0,544,6,17,90.66666666666667,22618432,3,20239,0.9721641808967986,3083206550400.0,9249619651200.0,0.0277355168,8.985746501790566e+18,8.9856e+18,1.6304063230832e-05,9T_dt8p0_e544_d6,scripts_9T_aspect60_100_rollout_flops/swin_dt_scale_8p0.yaml
9T,9000000000000.0,12.0,12.0,576,8,18,72.0,33243263,2,20695,0.9940677762566947,4522739327999.999,9045478655999.998,0.005053183999999783,8.985416677724157e+18,8.9856e+18,-2.0401784615708962e-05,9T_dt12p0_e576_d8,scripts_9T_aspect60_100_rollout_flops/swin_dt_scale_12p0.yaml
12T,12000000000000.0,1.0,1.0,288,3,9,96.0,3676608,24,20129,0.9668804188582271,516667377600.00006,12400017062400.002,0.03333475520000016,1.1980797285554383e+19,1.19808e+19,-2.2656630749295914e-07,12T_dt1p0_e288_d3,scripts_12T_aspect60_100_rollout_flops/swin_dt_scale_1p0.yaml
12T,12000000000000.0,2.0,2.0,320,5,10,64.0,6913920,12,21433,1.0295170161154743,970477199999.9999,11645726399999.998,-0.02952280000000016,1.1980936988697598e+19,1.19808e+19,1.143401923053844e-05,12T_dt2p0_e320_d5,scripts_12T_aspect60_100_rollout_flops/swin_dt_scale_2p0.yaml
12T,12000000000000.0,3.0,3.0,416,5,13,83.2,11384255,8,19845,0.9532387059586426,1572162695999.9995,12577301567999.994,0.04810846399999951,1.1980634381614076e+19,1.19808e+19,-1.3823650000355237e-05,12T_dt3p0_e416_d5,scripts_12T_aspect60_100_rollout_flops/swin_dt_scale_3p0.yaml
12T,12000000000000.0,4.0,4.0,480,5,15,96.0,14978880,6,20264,0.9733650359055648,2052912600000.0,12317475600000.0,0.0264563,1.19808636268032e+19,1.19808e+19,5.310730769148009e-06,12T_dt4p0_e480_d5,scripts_12T_aspect60_100_rollout_flops/swin_dt_scale_4p0.yaml
12T,12000000000000.0,6.0,6.0,544,6,17,90.66666666666667,22618432,4,20239,0.9721641808967986,3083206550400.0,12332826201600.0,0.0277355168,1.1980995335720755e+19,1.19808e+19,1.6304063230832e-05,12T_dt6p0_e544_d6,scripts_12T_aspect60_100_rollout_flops/swin_dt_scale_6p0.yaml
12T,12000000000000.0,8.0,8.0,576,7,18,82.28571428571429,29259648,3,20906,1.004202992530682,3979651824000.0,11938955472000.0,-0.005087044,1.1980598548686336e+19,1.19808e+19,-1.6814512692309158e-05,12T_dt8p0_e576_d7,scripts_12T_aspect60_100_rollout_flops/swin_dt_scale_8p0.yaml
12T,12000000000000.0,12.0,12.0,672,8,21,84.0,44976960,2,20529,0.9860940989984869,6079161715200.0,12158323430400.0,0.0131936192,1.1980714641728717e+19,1.19808e+19,-7.12458861540366e-06,12T_dt12p0_e672_d8,scripts_12T_aspect60_100_rollout_flops/swin_dt_scale_12p0.yaml
15T,15000000000000.0,1.0,1.0,288,4,9,72.0,4673088,24,19720,0.9472344309148113,659216620799.9999,15821198899199.996,0.05474659327999974,1.4975714030026748e+19,1.4976e+19,-1.9095217231090977e-05,15T_dt1p0_e288_d4,scripts_15T_aspect60_100_rollout_flops/swin_dt_scale_1p0.yaml
15T,15000000000000.0,2.0,2.0,352,5,11,70.4,8281152,12,22509,1.0812018156927732,1155113783999.9998,13861365407999.996,-0.07590897280000027,1.497626275049625e+19,1.4976e+19,1.754477138415922e-05,15T_dt2p0_e352_d5,scripts_15T_aspect60_100_rollout_flops/swin_dt_scale_2p0.yaml
15T,15000000000000.0,3.0,3.0,416,6,13,69.33333333333333,13462591,8,20958,1.0067007709489155,1860878447999.9995,14887027583999.994,-0.007531494400000391,1.497611155706265e+19,1.4976e+19,7.449055999586562e-06,15T_dt3p0_e416_d6,scripts_15T_aspect60_100_rollout_flops/swin_dt_scale_3p0.yaml
15T,15000000000000.0,4.0,4.0,448,7,14,64.0,17940607,6,21044,1.0108317121790715,2471015030400.0,14826090182400.0,-0.01159398784,1.4976011606324429e+19,1.4976e+19,7.749949537672052e-07,15T_dt4p0_e448_d7,scripts_15T_aspect60_100_rollout_flops/swin_dt_scale_4p0.yaml
15T,15000000000000.0,6.0,6.0,512,8,16,64.0,26403840,4,21592,1.0371544539712274,3612526387200.0,14450105548800.0,-0.03665963008,1.49763205924651e+19,1.4976e+19,2.1407082338553707e-05,15T_dt6p0_e512_d8,scripts_15T_aspect60_100_rollout_flops/swin_dt_scale_6p0.yaml
15T,15000000000000.0,8.0,8.0,608,8,19,76.0,36957888,3,20733,0.9958930758700194,5016066393600.0,15048199180800.0,0.00321327872,1.4975727053545267e+19,1.4976e+19,-1.8225591261522567e-05,15T_dt8p0_e608_d8,scripts_15T_aspect60_100_rollout_flops/swin_dt_scale_8p0.yaml
15T,15000000000000.0,12.0,12.0,672,10,21,67.2,55820352,2,20670,0.9928669212479285,7547024016000.0,15094048032000.0,0.0062698688,1.497571069542912e+19,1.4976e+19,-1.931787999998047e-05,15T_dt12p0_e672_d10,scripts_15T_aspect60_100_rollout_flops/swin_dt_scale_12p0.yaml
18T,18000000000000.0,1.0,1.0,320,4,10,80.0,5683840,24,19594,0.9411821216706295,796163903999.9999,19107933695999.996,0.061551871999999785,1.7971240936292348e+19,1.79712e+19,2.2778830766068126e-06,18T_dt1p0_e320_d4,scripts_18T_aspect60_100_rollout_flops/swin_dt_scale_1p0.yaml
18T,18000000000000.0,2.0,2.0,416,5,13,83.2,11384255,12,19845,0.9532387059586426,1572162695999.9995,18865952351999.992,0.048108463999999566,1.7970951572421112e+19,1.79712e+19,-1.3823650000466259e-05,18T_dt2p0_e416_d5,scripts_18T_aspect60_100_rollout_flops/swin_dt_scale_2p0.yaml
18T,18000000000000.0,3.0,3.0,448,6,14,74.66666666666667,15530368,8,21892,1.0515647140764224,2137795027200.0002,17102360217600.002,-0.04986887679999989,1.7971433754417564e+19,1.79712e+19,1.3007168000012115e-05,18T_dt3p0_e448_d6,scripts_18T_aspect60_100_rollout_flops/swin_dt_scale_3p0.yaml
18T,18000000000000.0,4.0,4.0,544,6,17,90.66666666666667,22618432,6,20239,0.9721641808967986,3083206550400.0,18499239302400.0,0.0277355168,1.7971493003581133e+19,1.79712e+19,1.6304063230832e-05,18T_dt4p0_e544_d6,scripts_18T_aspect60_100_rollout_flops/swin_dt_scale_4p0.yaml
18T,18000000000000.0,6.0,6.0,576,8,18,72.0,33243263,4,20695,0.9940677762566947,4522739327999.999,18090957311999.996,0.005053183999999783,1.7970833355448314e+19,1.79712e+19,-2.0401784615708962e-05,18T_dt6p0_e576_d8,scripts_18T_aspect60_100_rollout_flops/swin_dt_scale_6p0.yaml
18T,18000000000000.0,8.0,8.0,672,8,21,84.0,44976960,3,20529,0.9860940989984869,6079161715200.0,18237485145600.0,0.0131936192,1.7971071962593075e+19,1.79712e+19,-7.12458861540366e-06,18T_dt8p0_e672_d8,scripts_18T_aspect60_100_rollout_flops/swin_dt_scale_8p0.yaml
18T,18000000000000.0,12.0,12.0,736,10,23,73.6,66789056,2,20804,0.9993035040949155,8998349616000.002,17996699232000.004,-0.00018337599999978298,1.797135987948135e+19,1.79712e+19,8.896427692750564e-06,18T_dt12p0_e736_d10,scripts_18T_aspect60_100_rollout_flops/swin_dt_scale_12p0.yaml
